Follower,Repo Name,Repo URL
topfunky,ar_fixtures,https://github.com/topfunky/ar_fixtures
topfunky,baseballr,https://github.com/topfunky/baseballr
topfunky,basic_model,https://github.com/topfunky/basic_model
topfunky,bigapp,https://github.com/topfunky/bigapp
topfunky,blog-comments,https://github.com/topfunky/blog-comments
topfunky,calendar_helper,https://github.com/topfunky/calendar_helper
topfunky,cappuccino-couchdb,https://github.com/topfunky/cappuccino-couchdb
topfunky,CocoaHelpDemo,https://github.com/topfunky/CocoaHelpDemo
topfunky,css_graphs,https://github.com/topfunky/css_graphs
topfunky,csv-clean,https://github.com/topfunky/csv-clean
topfunky,demo-copy,https://github.com/topfunky/demo-copy
topfunky,demo-mocha-watch-bug,https://github.com/topfunky/demo-mocha-watch-bug
topfunky,demo-simplest-socket-io,https://github.com/topfunky/demo-simplest-socket-io
topfunky,demo-terraform-101,https://github.com/topfunky/demo-terraform-101
topfunky,demo-vows-callbacks,https://github.com/topfunky/demo-vows-callbacks
topfunky,devcontainers-rstudio,https://github.com/topfunky/devcontainers-rstudio
topfunky,docs,https://github.com/topfunky/docs
topfunky,ep_site,https://github.com/topfunky/ep_site
topfunky,exercism-projects,https://github.com/topfunky/exercism-projects
topfunky,ffsimulator,https://github.com/topfunky/ffsimulator
topfunky,frontend,https://github.com/topfunky/frontend
topfunky,geddy-coffee-script-demo,https://github.com/topfunky/geddy-coffee-script-demo
topfunky,gghighcontrast,https://github.com/topfunky/gghighcontrast
topfunky,gitignore,https://github.com/topfunky/gitignore
topfunky,golang-samples,https://github.com/topfunky/golang-samples
topfunky,good_form_builder,https://github.com/topfunky/good_form_builder
topfunky,google-checkout,https://github.com/topfunky/google-checkout
topfunky,gruff,https://github.com/topfunky/gruff
topfunky,haikus-for-codespaces,https://github.com/topfunky/haikus-for-codespaces
topfunky,hello-demo,https://github.com/topfunky/hello-demo
ry,aaa_tinyclouds2,https://github.com/ry/aaa_tinyclouds2
ry,aleph.js,https://github.com/ry/aleph.js
ry,april.kim,https://github.com/ry/april.kim
ry,awesome-deno,https://github.com/ry/awesome-deno
ry,aws-appsync-chat,https://github.com/ry/aws-appsync-chat
ry,deno,https://github.com/ry/deno
ry,deno-gfm,https://github.com/ry/deno-gfm
ry,deno_docker,https://github.com/ry/deno_docker
ry,deno_emit,https://github.com/ry/deno_emit
ry,deno_std,https://github.com/ry/deno_std
ry,deno_typescript,https://github.com/ry/deno_typescript
ry,deno_website2,https://github.com/ry/deno_website2
ry,discord-open-source,https://github.com/ry/discord-open-source
ry,eecs151,https://github.com/ry/eecs151
ry,fetchevent_examples,https://github.com/ry/fetchevent_examples
ry,flatbuffers,https://github.com/ry/flatbuffers
ry,flatbuffers_chromium,https://github.com/ry/flatbuffers_chromium
ry,foo,https://github.com/ry/foo
ry,fresh,https://github.com/ry/fresh
ry,fresh-clam-49,https://github.com/ry/fresh-clam-49
ry,go,https://github.com/ry/go
ry,gym,https://github.com/ry/gym
ry,homebrew-core,https://github.com/ry/homebrew-core
ry,libffi-rs,https://github.com/ry/libffi-rs
ry,parcel,https://github.com/ry/parcel
ry,protobuf_chromium,https://github.com/ry/protobuf_chromium
ry,rust-sourcemap,https://github.com/ry/rust-sourcemap
ry,rustls-native-certs,https://github.com/ry/rustls-native-certs
ry,rusty_v8,https://github.com/ry/rusty_v8
ry,sccache,https://github.com/ry/sccache
lawrencepit,authlogic,https://github.com/lawrencepit/authlogic
lawrencepit,autosave_habtm,https://github.com/lawrencepit/autosave_habtm
lawrencepit,aws-cloudformation-user-guide,https://github.com/lawrencepit/aws-cloudformation-user-guide
lawrencepit,aws-sdk-ruby,https://github.com/lawrencepit/aws-sdk-ruby
lawrencepit,dalli,https://github.com/lawrencepit/dalli
lawrencepit,dotfiles,https://github.com/lawrencepit/dotfiles
lawrencepit,email_reply_parser,https://github.com/lawrencepit/email_reply_parser
lawrencepit,Esoteric,https://github.com/lawrencepit/Esoteric
lawrencepit,exception_logger,https://github.com/lawrencepit/exception_logger
lawrencepit,exception_notification,https://github.com/lawrencepit/exception_notification
lawrencepit,flavoured_markdown,https://github.com/lawrencepit/flavoured_markdown
lawrencepit,haml-sprockets,https://github.com/lawrencepit/haml-sprockets
lawrencepit,html-pipeline,https://github.com/lawrencepit/html-pipeline
lawrencepit,mail,https://github.com/lawrencepit/mail
lawrencepit,malihu-custom-scrollbar-plugin,https://github.com/lawrencepit/malihu-custom-scrollbar-plugin
lawrencepit,mustache,https://github.com/lawrencepit/mustache
lawrencepit,node-date-utils,https://github.com/lawrencepit/node-date-utils
lawrencepit,rack,https://github.com/lawrencepit/rack
lawrencepit,rails,https://github.com/lawrencepit/rails
lawrencepit,remarkable_paperclip,https://github.com/lawrencepit/remarkable_paperclip
lawrencepit,ruby-git,https://github.com/lawrencepit/ruby-git
lawrencepit,ruby-saml,https://github.com/lawrencepit/ruby-saml
lawrencepit,ruby-saml-idp,https://github.com/lawrencepit/ruby-saml-idp
lawrencepit,sirp,https://github.com/lawrencepit/sirp
lawrencepit,slick-grid,https://github.com/lawrencepit/slick-grid
lawrencepit,typhoeus,https://github.com/lawrencepit/typhoeus
lawrencepit,useragent2css,https://github.com/lawrencepit/useragent2css
lachie,angry_mob,https://github.com/lachie/angry_mob
lachie,angry_shell,https://github.com/lachie/angry_shell
lachie,appjour,https://github.com/lachie/appjour
lachie,aur,https://github.com/lachie/aur
lachie,aws4,https://github.com/lachie/aws4
lachie,a_very_bad_flight_simulator,https://github.com/lachie/a_very_bad_flight_simulator
lachie,bananajour,https://github.com/lachie/bananajour
lachie,basic_model,https://github.com/lachie/basic_model
lachie,billy,https://github.com/lachie/billy
lachie,campfire-bot,https://github.com/lachie/campfire-bot
lachie,cerberus,https://github.com/lachie/cerberus
lachie,cfndsl,https://github.com/lachie/cfndsl
lachie,cheepcheep,https://github.com/lachie/cheepcheep
lachie,cheetahwatch,https://github.com/lachie/cheetahwatch
lachie,circal,https://github.com/lachie/circal
lachie,circal-elm,https://github.com/lachie/circal-elm
lachie,clj-crypto,https://github.com/lachie/clj-crypto
lachie,common_mob,https://github.com/lachie/common_mob
lachie,dirdb,https://github.com/lachie/dirdb
lachie,docker-buildkite-agent,https://github.com/lachie/docker-buildkite-agent
lachie,docker-flatten,https://github.com/lachie/docker-flatten
lachie,duke,https://github.com/lachie/duke
lachie,dwm,https://github.com/lachie/dwm
lachie,elasticsearch-facetgrapher,https://github.com/lachie/elasticsearch-facetgrapher
lachie,ember-rails,https://github.com/lachie/ember-rails
lachie,enki,https://github.com/lachie/enki
lachie,enumerable-lazy,https://github.com/lachie/enumerable-lazy
lachie,epviz,https://github.com/lachie/epviz
lachie,etcdctl,https://github.com/lachie/etcdctl
lachie,ex-ectoken,https://github.com/lachie/ex-ectoken
bumi,402-server,https://github.com/bumi/402-server
bumi,402-server-js,https://github.com/bumi/402-server-js
bumi,actsaslove,https://github.com/bumi/actsaslove
bumi,albyhub-startos,https://github.com/bumi/albyhub-startos
bumi,api-payments-example,https://github.com/bumi/api-payments-example
bumi,application_ruby,https://github.com/bumi/application_ruby
bumi,aragon-apps,https://github.com/bumi/aragon-apps
bumi,aragonOS,https://github.com/bumi/aragonOS
bumi,aragonos-test,https://github.com/bumi/aragonos-test
bumi,area402-widget,https://github.com/bumi/area402-widget
bumi,area402.net,https://github.com/bumi/area402.net
bumi,astroid,https://github.com/bumi/astroid
bumi,awesomebots_basic,https://github.com/bumi/awesomebots_basic
bumi,awesome_bot_factory,https://github.com/bumi/awesome_bot_factory
bumi,backup,https://github.com/bumi/backup
bumi,ballons,https://github.com/bumi/ballons
bumi,bigspring-hugo-startup-theme,https://github.com/bumi/bigspring-hugo-startup-theme
bumi,bip70-example,https://github.com/bumi/bip70-example
bumi,bitcoinbook,https://github.com/bumi/bitcoinbook
bumi,bitcoinj,https://github.com/bumi/bitcoinj
bumi,bitcoinj.github.io,https://github.com/bumi/bitcoinj.github.io
bumi,BitGoJS,https://github.com/bumi/BitGoJS
bumi,blockstream_satellite,https://github.com/bumi/blockstream_satellite
bumi,BlueWallet,https://github.com/bumi/BlueWallet
bumi,bolt11,https://github.com/bumi/bolt11
bumi,branle,https://github.com/bumi/branle
bumi,btcpay-php,https://github.com/bumi/btcpay-php
bumi,btsync,https://github.com/bumi/btsync
bumi,bumi,https://github.com/bumi/bumi
bumi,bundler-thankyou,https://github.com/bumi/bundler-thankyou
mando,appkernel,https://github.com/mando/appkernel
mando,artoo-mazesolver,https://github.com/mando/artoo-mazesolver
mando,blog,https://github.com/mando/blog
mando,branches,https://github.com/mando/branches
mando,celluloid.github.com,https://github.com/mando/celluloid.github.com
mando,chosen,https://github.com/mando/chosen
mando,compare,https://github.com/mando/compare
mando,DangerZone,https://github.com/mando/DangerZone
mando,deardiary,https://github.com/mando/deardiary
mando,Door,https://github.com/mando/Door
mando,dotfiles,https://github.com/mando/dotfiles
mando,em-synchrony,https://github.com/mando/em-synchrony
mando,emily,https://github.com/mando/emily
mando,ffl,https://github.com/mando/ffl
mando,fingr,https://github.com/mando/fingr
mando,fingr-group,https://github.com/mando/fingr-group
mando,foreman,https://github.com/mando/foreman
mando,g.raphael,https://github.com/mando/g.raphael
mando,getting_started_with_ember_talk,https://github.com/mando/getting_started_with_ember_talk
mando,gh,https://github.com/mando/gh
mando,gitx,https://github.com/mando/gitx
mando,goliath,https://github.com/mando/goliath
mando,grackle,https://github.com/mando/grackle
mando,harold,https://github.com/mando/harold
mando,historian,https://github.com/mando/historian
mando,home,https://github.com/mando/home
mando,homies,https://github.com/mando/homies
mando,idid,https://github.com/mando/idid
mando,ihateyoucomputer,https://github.com/mando/ihateyoucomputer
mando,jekyll,https://github.com/mando/jekyll
brett,boxes,https://github.com/brett/boxes
brett,chirp,https://github.com/brett/chirp
brett,cryptshot,https://github.com/brett/cryptshot
brett,firewarden,https://github.com/brett/firewarden
brett,freeotp-cli,https://github.com/brett/freeotp-cli
brett,freesewing,https://github.com/brett/freesewing
brett,i3-py,https://github.com/brett/i3-py
brett,nmtrust,https://github.com/brett/nmtrust
brett,notes.sh,https://github.com/brett/notes.sh
brett,orpie,https://github.com/brett/orpie
brett,pivy,https://github.com/brett/pivy
brett,pytak,https://github.com/brett/pytak
brett,recipe-scrapers,https://github.com/brett/recipe-scrapers
brett,recipe_box,https://github.com/brett/recipe_box
brett,rpn,https://github.com/brett/rpn
brett,smartos-platform-upgrade,https://github.com/brett/smartos-platform-upgrade
brett,sniffer,https://github.com/brett/sniffer
brett,sortphotos,https://github.com/brett/sortphotos
brett,spark,https://github.com/brett/spark
brett,tmux-resurrect,https://github.com/brett/tmux-resurrect
jney,airq,https://github.com/jney/airq
jney,atom-beautify,https://github.com/jney/atom-beautify
jney,atom-standard-formatter,https://github.com/jney/atom-standard-formatter
jney,authentic,https://github.com/jney/authentic
jney,awesome-crystal,https://github.com/jney/awesome-crystal
jney,beanstalkd,https://github.com/jney/beanstalkd
jney,buu,https://github.com/jney/buu
jney,cache.js,https://github.com/jney/cache.js
jney,caigo,https://github.com/jney/caigo
jney,catface,https://github.com/jney/catface
jney,chiliproject,https://github.com/jney/chiliproject
jney,crow,https://github.com/jney/crow
jney,crzy,https://github.com/jney/crzy
jney,debounce,https://github.com/jney/debounce
jney,docker-postgres,https://github.com/jney/docker-postgres
jney,docs,https://github.com/jney/docs
jney,dotfiles,https://github.com/jney/dotfiles
jney,dotjs,https://github.com/jney/dotjs
jney,dynamo,https://github.com/jney/dynamo
jney,echo,https://github.com/jney/echo
jney,elm-companies,https://github.com/jney/elm-companies
jney,elm-swipe,https://github.com/jney/elm-swipe
jney,emacs-config,https://github.com/jney/emacs-config
jney,express-validator,https://github.com/jney/express-validator
jney,facebox,https://github.com/jney/facebox
jney,fiber,https://github.com/jney/fiber
jney,fluentd-docs,https://github.com/jney/fluentd-docs
jney,flycheck,https://github.com/jney/flycheck
jney,graphql-crystal,https://github.com/jney/graphql-crystal
jney,grunt,https://github.com/jney/grunt
waferbaby,dimples,https://github.com/waferbaby/dimples
waferbaby,dotfiles,https://github.com/waferbaby/dotfiles
waferbaby,heyparis,https://github.com/waferbaby/heyparis
waferbaby,lobsters,https://github.com/waferbaby/lobsters
waferbaby,restiny,https://github.com/waferbaby/restiny
waferbaby,snackdance,https://github.com/waferbaby/snackdance
waferbaby,usesthis,https://github.com/waferbaby/usesthis
waferbaby,waferbaby,https://github.com/waferbaby/waferbaby
charlenopires,ADHDReminderExtension,https://github.com/charlenopires/ADHDReminderExtension
charlenopires,colorapp,https://github.com/charlenopires/colorapp
charlenopires,DockerBase,https://github.com/charlenopires/DockerBase
charlenopires,learning-erlang,https://github.com/charlenopires/learning-erlang
charlenopires,myScripts,https://github.com/charlenopires/myScripts
charlenopires,pagefast,https://github.com/charlenopires/pagefast
charlenopires,practicingerlang,https://github.com/charlenopires/practicingerlang
charlenopires,tasks,https://github.com/charlenopires/tasks
techthumb,ambling,https://github.com/techthumb/ambling
techthumb,auto_deploy_me,https://github.com/techthumb/auto_deploy_me
techthumb,better_logs,https://github.com/techthumb/better_logs
techthumb,centos7-with-utils,https://github.com/techthumb/centos7-with-utils
techthumb,chef-rundeck,https://github.com/techthumb/chef-rundeck
techthumb,chrome,https://github.com/techthumb/chrome
techthumb,chronicular.com,https://github.com/techthumb/chronicular.com
techthumb,cpuset-visualizer,https://github.com/techthumb/cpuset-visualizer
techthumb,dd-visualisations,https://github.com/techthumb/dd-visualisations
techthumb,dockerfiles,https://github.com/techthumb/dockerfiles
techthumb,ember,https://github.com/techthumb/ember
techthumb,ember-cli-selectize-has-many-bug-report,https://github.com/techthumb/ember-cli-selectize-has-many-bug-report
techthumb,ember-demo,https://github.com/techthumb/ember-demo
techthumb,ember-multiselect-checkboxes,https://github.com/techthumb/ember-multiselect-checkboxes
techthumb,examples,https://github.com/techthumb/examples
techthumb,ey-cloud-recipes,https://github.com/techthumb/ey-cloud-recipes
techthumb,go-koans,https://github.com/techthumb/go-koans
techthumb,go-learn,https://github.com/techthumb/go-learn
techthumb,hash-to-ostruct,https://github.com/techthumb/hash-to-ostruct
techthumb,hospitalrun-frontend,https://github.com/techthumb/hospitalrun-frontend
techthumb,http_stub,https://github.com/techthumb/http_stub
techthumb,hydra,https://github.com/techthumb/hydra
techthumb,leetcode,https://github.com/techthumb/leetcode
techthumb,lograge,https://github.com/techthumb/lograge
techthumb,machine-learning,https://github.com/techthumb/machine-learning
techthumb,midas,https://github.com/techthumb/midas
techthumb,middleman,https://github.com/techthumb/middleman
techthumb,Network-MultiTool,https://github.com/techthumb/Network-MultiTool
techthumb,nox-ruby,https://github.com/techthumb/nox-ruby
techthumb,oh-my-zsh,https://github.com/techthumb/oh-my-zsh
taf2,3d,https://github.com/taf2/3d
taf2,active_merchant,https://github.com/taf2/active_merchant
taf2,alert-sensor,https://github.com/taf2/alert-sensor
taf2,always_verify_ssl_certificates,https://github.com/taf2/always_verify_ssl_certificates
taf2,amphtml,https://github.com/taf2/amphtml
taf2,analytical,https://github.com/taf2/analytical
taf2,apnotic,https://github.com/taf2/apnotic
taf2,assemblage,https://github.com/taf2/assemblage
taf2,async-observer,https://github.com/taf2/async-observer
taf2,async-rails,https://github.com/taf2/async-rails
taf2,audiosplit,https://github.com/taf2/audiosplit
taf2,auditok,https://github.com/taf2/auditok
taf2,authlogic,https://github.com/taf2/authlogic
taf2,backup,https://github.com/taf2/backup
taf2,bench-lights,https://github.com/taf2/bench-lights
taf2,benchit,https://github.com/taf2/benchit
taf2,bing-ads-api,https://github.com/taf2/bing-ads-api
taf2,block_helpers,https://github.com/taf2/block_helpers
taf2,bootstrap-datepicker,https://github.com/taf2/bootstrap-datepicker
taf2,building-blocks,https://github.com/taf2/building-blocks
taf2,bvoip,https://github.com/taf2/bvoip
taf2,cache-money,https://github.com/taf2/cache-money
taf2,cancan,https://github.com/taf2/cancan
taf2,capistrano,https://github.com/taf2/capistrano
taf2,cdnjs,https://github.com/taf2/cdnjs
taf2,cld2,https://github.com/taf2/cld2
taf2,cnc-pcb,https://github.com/taf2/cnc-pcb
taf2,Content-Pack,https://github.com/taf2/Content-Pack
taf2,ctm-tabs,https://github.com/taf2/ctm-tabs
taf2,curb,https://github.com/taf2/curb
cw,android-widget,https://github.com/cw/android-widget
cw,android_device_asus_tf101,https://github.com/cw/android_device_asus_tf101
cw,christian,https://github.com/cw/christian
cw,courses,https://github.com/cw/courses
cw,cw.github.io,https://github.com/cw/cw.github.io
cw,dotfiles,https://github.com/cw/dotfiles
cw,element-grid,https://github.com/cw/element-grid
cw,firefox-extension-writefile,https://github.com/cw/firefox-extension-writefile
cw,flickr-robot,https://github.com/cw/flickr-robot
cw,HTML5-Hacks,https://github.com/cw/HTML5-Hacks
cw,illustrator-aiv8-exporter,https://github.com/cw/illustrator-aiv8-exporter
cw,illustrator-scriba-spt-generator,https://github.com/cw/illustrator-scriba-spt-generator
cw,inkscape-ungroup-deep,https://github.com/cw/inkscape-ungroup-deep
cw,js-dxf,https://github.com/cw/js-dxf
cw,laser-path-vis,https://github.com/cw/laser-path-vis
cw,makercalc,https://github.com/cw/makercalc
cw,password-manager,https://github.com/cw/password-manager
cw,personal-website,https://github.com/cw/personal-website
cw,QR-Code-generator,https://github.com/cw/QR-Code-generator
cw,res,https://github.com/cw/res
cw,RL-Adventure,https://github.com/cw/RL-Adventure
cw,roboto,https://github.com/cw/roboto
cw,roboto-regular,https://github.com/cw/roboto-regular
cw,svg-viewer-android,https://github.com/cw/svg-viewer-android
cw,three-dxf,https://github.com/cw/three-dxf
cw,threejs-space-simulations,https://github.com/cw/threejs-space-simulations
cw,topojson,https://github.com/cw/topojson
cw,vector-art,https://github.com/cw/vector-art
cw,vivoactive-hr-watchface,https://github.com/cw/vivoactive-hr-watchface
cw,watchdir,https://github.com/cw/watchdir
chipski,asknow,https://github.com/chipski/asknow
chipski,Auto-GPT,https://github.com/chipski/Auto-GPT
chipski,chipski.github.io,https://github.com/chipski/chipski.github.io
chipski,cloud-native-aws-terraform-workshop,https://github.com/chipski/cloud-native-aws-terraform-workshop
chipski,dat,https://github.com/chipski/dat
chipski,discharge,https://github.com/chipski/discharge
chipski,dotfiles,https://github.com/chipski/dotfiles
chipski,dotfiles-1,https://github.com/chipski/dotfiles-1
chipski,frame,https://github.com/chipski/frame
chipski,graphcast,https://github.com/chipski/graphcast
chipski,huginn,https://github.com/chipski/huginn
chipski,hypernova,https://github.com/chipski/hypernova
chipski,lock-now,https://github.com/chipski/lock-now
chipski,MetaGPT,https://github.com/chipski/MetaGPT
chipski,oauth-plugin,https://github.com/chipski/oauth-plugin
chipski,truebuy,https://github.com/chipski/truebuy
cheeaun,.github,https://github.com/cheeaun/.github
cheeaun,2017-conferences,https://github.com/cheeaun/2017-conferences
cheeaun,2019-iosconfapp,https://github.com/cheeaun/2019-iosconfapp
cheeaun,3d-earth,https://github.com/cheeaun/3d-earth
cheeaun,3d-touch-canvas,https://github.com/cheeaun/3d-touch-canvas
cheeaun,aimp-mobile-web-ctl,https://github.com/cheeaun/aimp-mobile-web-ctl
cheeaun,alba-ewaste-sg-dropoff-locations,https://github.com/cheeaun/alba-ewaste-sg-dropoff-locations
cheeaun,ama,https://github.com/cheeaun/ama
cheeaun,amas,https://github.com/cheeaun/amas
cheeaun,arrivelah,https://github.com/cheeaun/arrivelah
cheeaun,awesome-electron,https://github.com/cheeaun/awesome-electron
cheeaun,awesome-hacker-news,https://github.com/cheeaun/awesome-hacker-news
cheeaun,awesome-mapbox-external-developer-resources,https://github.com/cheeaun/awesome-mapbox-external-developer-resources
cheeaun,awesome-mapboxgl-demos,https://github.com/cheeaun/awesome-mapboxgl-demos
cheeaun,awesome-react-native,https://github.com/cheeaun/awesome-react-native
cheeaun,barcampkl-hub,https://github.com/cheeaun/barcampkl-hub
cheeaun,bgcolorful,https://github.com/cheeaun/bgcolorful
cheeaun,bliss,https://github.com/cheeaun/bliss
cheeaun,bootstrap,https://github.com/cheeaun/bootstrap
cheeaun,branding,https://github.com/cheeaun/branding
cheeaun,branding-1,https://github.com/cheeaun/branding-1
cheeaun,bubble-wrap,https://github.com/cheeaun/bubble-wrap
cheeaun,busrouter-sg,https://github.com/cheeaun/busrouter-sg
cheeaun,ca-generator,https://github.com/cheeaun/ca-generator
cheeaun,ca-iot,https://github.com/cheeaun/ca-iot
cheeaun,cacss,https://github.com/cheeaun/cacss
cheeaun,cheap-ruler,https://github.com/cheeaun/cheap-ruler
cheeaun,checkweather-sg,https://github.com/cheeaun/checkweather-sg
cheeaun,checkweather-sg-checker,https://github.com/cheeaun/checkweather-sg-checker
cheeaun,checkweather-sg-native,https://github.com/cheeaun/checkweather-sg-native
baron,alchemist.el,https://github.com/baron/alchemist.el
baron,auto_money,https://github.com/baron/auto_money
baron,axieExt,https://github.com/baron/axieExt
baron,books-macosx,https://github.com/baron/books-macosx
baron,chatwork_ex,https://github.com/baron/chatwork_ex
baron,devdocs,https://github.com/baron/devdocs
baron,ecto_job,https://github.com/baron/ecto_job
baron,emacs-invaders-theme,https://github.com/baron/emacs-invaders-theme
baron,exq,https://github.com/baron/exq
baron,ex_chatwork,https://github.com/baron/ex_chatwork
baron,floki,https://github.com/baron/floki
baron,fzf,https://github.com/baron/fzf
baron,google-reader.el,https://github.com/baron/google-reader.el
baron,google-translate,https://github.com/baron/google-translate
baron,gpt-author,https://github.com/baron/gpt-author
baron,hackernewstabs,https://github.com/baron/hackernewstabs
baron,homebrew,https://github.com/baron/homebrew
baron,html2texi,https://github.com/baron/html2texi
baron,magento-solarium,https://github.com/baron/magento-solarium
baron,modeline-git-branch,https://github.com/baron/modeline-git-branch
baron,nazna.el,https://github.com/baron/nazna.el
baron,ob-nwdiag.el,https://github.com/baron/ob-nwdiag.el
baron,rkimages,https://github.com/baron/rkimages
baron,ShortGPT,https://github.com/baron/ShortGPT
baron,ssjapan,https://github.com/baron/ssjapan
baron,sunflower-land,https://github.com/baron/sunflower-land
baron,twittering-mode,https://github.com/baron/twittering-mode
freshtonic,7XX-rfc,https://github.com/freshtonic/7XX-rfc
freshtonic,administrate,https://github.com/freshtonic/administrate
freshtonic,angular-once,https://github.com/freshtonic/angular-once
freshtonic,angular-seo,https://github.com/freshtonic/angular-seo
freshtonic,bananajour,https://github.com/freshtonic/bananajour
freshtonic,bigbananajour,https://github.com/freshtonic/bigbananajour
freshtonic,bison-types,https://github.com/freshtonic/bison-types
freshtonic,blast,https://github.com/freshtonic/blast
freshtonic,chef-postgresql,https://github.com/freshtonic/chef-postgresql
freshtonic,csvmagic,https://github.com/freshtonic/csvmagic
freshtonic,debianization-with-git-howto,https://github.com/freshtonic/debianization-with-git-howto
freshtonic,development-at-dto,https://github.com/freshtonic/development-at-dto
freshtonic,dnssd,https://github.com/freshtonic/dnssd
freshtonic,dotfiles,https://github.com/freshtonic/dotfiles
freshtonic,echelons,https://github.com/freshtonic/echelons
freshtonic,erlcached,https://github.com/freshtonic/erlcached
freshtonic,exercism-pascals-triangle,https://github.com/freshtonic/exercism-pascals-triangle
freshtonic,fancy-resource,https://github.com/freshtonic/fancy-resource
freshtonic,feedzirra,https://github.com/freshtonic/feedzirra
freshtonic,foo,https://github.com/freshtonic/foo
freshtonic,full-monty-hall,https://github.com/freshtonic/full-monty-hall
freshtonic,generator-tab-angular,https://github.com/freshtonic/generator-tab-angular
freshtonic,git-reference,https://github.com/freshtonic/git-reference
freshtonic,gitopen,https://github.com/freshtonic/gitopen
freshtonic,given.js,https://github.com/freshtonic/given.js
freshtonic,graphql-elixir,https://github.com/freshtonic/graphql-elixir
freshtonic,guides,https://github.com/freshtonic/guides
freshtonic,hacknightcodewars2,https://github.com/freshtonic/hacknightcodewars2
freshtonic,hacknight_codewars,https://github.com/freshtonic/hacknight_codewars
freshtonic,hello_graphql_phoenix,https://github.com/freshtonic/hello_graphql_phoenix
stinie,2-way-iScroll,https://github.com/stinie/2-way-iScroll
stinie,3gears,https://github.com/stinie/3gears
stinie,Adaptive-Images,https://github.com/stinie/Adaptive-Images
stinie,add-to-homescreen,https://github.com/stinie/add-to-homescreen
stinie,AppleStoreBath,https://github.com/stinie/AppleStoreBath
stinie,areweplayingyet,https://github.com/stinie/areweplayingyet
stinie,Backbone-Mobile,https://github.com/stinie/Backbone-Mobile
stinie,box2d,https://github.com/stinie/box2d
stinie,bridges,https://github.com/stinie/bridges
stinie,Briefs,https://github.com/stinie/Briefs
stinie,CamanJS,https://github.com/stinie/CamanJS
stinie,campaignmonitor-php,https://github.com/stinie/campaignmonitor-php
stinie,Canvas,https://github.com/stinie/Canvas
stinie,cappuccino,https://github.com/stinie/cappuccino
stinie,Cardflip,https://github.com/stinie/Cardflip
stinie,cedar,https://github.com/stinie/cedar
stinie,Checklist,https://github.com/stinie/Checklist
stinie,christmas-iphone,https://github.com/stinie/christmas-iphone
stinie,CodeIgniter-Head-Library,https://github.com/stinie/CodeIgniter-Head-Library
stinie,CodeIgniter-HTML5-Elements,https://github.com/stinie/CodeIgniter-HTML5-Elements
stinie,CodeIgniter-Instagram-Library,https://github.com/stinie/CodeIgniter-Instagram-Library
stinie,codeigniter-twitter,https://github.com/stinie/codeigniter-twitter
stinie,codeigniter-wurfl,https://github.com/stinie/codeigniter-wurfl
stinie,connect-js,https://github.com/stinie/connect-js
stinie,credits-api-sample,https://github.com/stinie/credits-api-sample
stinie,css-beziers,https://github.com/stinie/css-beziers
stinie,CSS3-Overlay,https://github.com/stinie/CSS3-Overlay
stinie,cufon,https://github.com/stinie/cufon
stinie,deepzoom.php,https://github.com/stinie/deepzoom.php
stinie,django-extjs,https://github.com/stinie/django-extjs
chilts,12factor-config,https://github.com/chilts/12factor-config
chilts,12factor-log,https://github.com/chilts/12factor-log
chilts,approx,https://github.com/chilts/approx
chilts,ardash,https://github.com/chilts/ardash
chilts,arduino-sketchbook,https://github.com/chilts/arduino-sketchbook
chilts,awssum,https://github.com/chilts/awssum
chilts,awssum-amazon,https://github.com/chilts/awssum-amazon
chilts,awssum-amazon-autoscaling,https://github.com/chilts/awssum-amazon-autoscaling
chilts,awssum-amazon-cloudformation,https://github.com/chilts/awssum-amazon-cloudformation
chilts,awssum-amazon-cloudfront,https://github.com/chilts/awssum-amazon-cloudfront
chilts,awssum-amazon-cloudsearch,https://github.com/chilts/awssum-amazon-cloudsearch
chilts,awssum-amazon-cloudwatch,https://github.com/chilts/awssum-amazon-cloudwatch
chilts,awssum-amazon-dynamodb,https://github.com/chilts/awssum-amazon-dynamodb
chilts,awssum-amazon-ec2,https://github.com/chilts/awssum-amazon-ec2
chilts,awssum-amazon-elasticache,https://github.com/chilts/awssum-amazon-elasticache
chilts,awssum-amazon-elasticbeanstalk,https://github.com/chilts/awssum-amazon-elasticbeanstalk
chilts,awssum-amazon-elb,https://github.com/chilts/awssum-amazon-elb
chilts,awssum-amazon-emr,https://github.com/chilts/awssum-amazon-emr
chilts,awssum-amazon-fps,https://github.com/chilts/awssum-amazon-fps
chilts,awssum-amazon-glacier,https://github.com/chilts/awssum-amazon-glacier
chilts,awssum-amazon-iam,https://github.com/chilts/awssum-amazon-iam
chilts,awssum-amazon-imd,https://github.com/chilts/awssum-amazon-imd
chilts,awssum-amazon-importexport,https://github.com/chilts/awssum-amazon-importexport
chilts,awssum-amazon-rds,https://github.com/chilts/awssum-amazon-rds
chilts,awssum-amazon-redshift,https://github.com/chilts/awssum-amazon-redshift
chilts,awssum-amazon-route53,https://github.com/chilts/awssum-amazon-route53
chilts,awssum-amazon-s3,https://github.com/chilts/awssum-amazon-s3
chilts,awssum-amazon-ses,https://github.com/chilts/awssum-amazon-ses
chilts,awssum-amazon-simpledb,https://github.com/chilts/awssum-amazon-simpledb
chilts,awssum-amazon-sns,https://github.com/chilts/awssum-amazon-sns
adragomir,ansible-yumrepo,https://github.com/adragomir/ansible-yumrepo
adragomir,autokey-py3,https://github.com/adragomir/autokey-py3
adragomir,bottle,https://github.com/adragomir/bottle
adragomir,brubeck,https://github.com/adragomir/brubeck
adragomir,bunch,https://github.com/adragomir/bunch
adragomir,centos-7-ami,https://github.com/adragomir/centos-7-ami
adragomir,colorforth,https://github.com/adragomir/colorforth
adragomir,confd,https://github.com/adragomir/confd
adragomir,config,https://github.com/adragomir/config
adragomir,dcos,https://github.com/adragomir/dcos
adragomir,dcos-commons,https://github.com/adragomir/dcos-commons
adragomir,dcos-kafka-service,https://github.com/adragomir/dcos-kafka-service
adragomir,dcos-scripts,https://github.com/adragomir/dcos-scripts
adragomir,declaracad,https://github.com/adragomir/declaracad
adragomir,deep_merge,https://github.com/adragomir/deep_merge
adragomir,dotfiles,https://github.com/adragomir/dotfiles
adragomir,ec2-utils,https://github.com/adragomir/ec2-utils
adragomir,gallery-dl,https://github.com/adragomir/gallery-dl
adragomir,goenv,https://github.com/adragomir/goenv
adragomir,gohbase,https://github.com/adragomir/gohbase
adragomir,grit,https://github.com/adragomir/grit
adragomir,hbase-indexing-library,https://github.com/adragomir/hbase-indexing-library
adragomir,hbaseindex,https://github.com/adragomir/hbaseindex
adragomir,hdfs,https://github.com/adragomir/hdfs
adragomir,hiyapyco,https://github.com/adragomir/hiyapyco
adragomir,homebrew-patches,https://github.com/adragomir/homebrew-patches
adragomir,hubot-logger,https://github.com/adragomir/hubot-logger
adragomir,itunes-connect,https://github.com/adragomir/itunes-connect
adragomir,jai-proto,https://github.com/adragomir/jai-proto
adragomir,javacomplete,https://github.com/adragomir/javacomplete
mash,-----------------,https://github.com/mash/-----------------
mash,anyevent-apns-perl,https://github.com/mash/anyevent-apns-perl
mash,app-bridge-tutorial,https://github.com/mash/app-bridge-tutorial
mash,ark-perl,https://github.com/mash/ark-perl
mash,BeaconExample,https://github.com/mash/BeaconExample
mash,BKPasscodeView,https://github.com/mash/BKPasscodeView
mash,BLE-Proximity,https://github.com/mash/BLE-Proximity
mash,BomTimer,https://github.com/mash/BomTimer
mash,buffer,https://github.com/mash/buffer
mash,catalyst-plugin-blockcache,https://github.com/mash/catalyst-plugin-blockcache
mash,cluster,https://github.com/mash/cluster
mash,ContextFreeArt-AS3,https://github.com/mash/ContextFreeArt-AS3
mash,Data-TimeZone,https://github.com/mash/Data-TimeZone
mash,DBIx-TransactionManager-EndHook,https://github.com/mash/DBIx-TransactionManager-EndHook
mash,DefinitelyTyped,https://github.com/mash/DefinitelyTyped
mash,e-gov-stylist,https://github.com/mash/e-gov-stylist
mash,ec2-utils,https://github.com/mash/ec2-utils
mash,echonet-lite-rs,https://github.com/mash/echonet-lite-rs
mash,FCModel,https://github.com/mash/FCModel
mash,fetch-ndjson,https://github.com/mash/fetch-ndjson
mash,fluent-plugin-mail,https://github.com/mash/fluent-plugin-mail
mash,fosite,https://github.com/mash/fosite
mash,ghost,https://github.com/mash/ghost
mash,github-release,https://github.com/mash/github-release
mash,go-accesslog,https://github.com/mash/go-accesslog
mash,go-i18n,https://github.com/mash/go-i18n
mash,go-intelhex,https://github.com/mash/go-intelhex
mash,go-keychain,https://github.com/mash/go-keychain
mash,go-limiter,https://github.com/mash/go-limiter
mash,go-pit,https://github.com/mash/go-pit
atnan,auto_class_input_tags,https://github.com/atnan/auto_class_input_tags
atnan,bubble_association_validation_errors,https://github.com/atnan/bubble_association_validation_errors
atnan,euler,https://github.com/atnan/euler
atnan,ghostie,https://github.com/atnan/ghostie
atnan,LaunchCraft,https://github.com/atnan/LaunchCraft
atnan,OpenCV-iOS,https://github.com/atnan/OpenCV-iOS
atnan,pretty_times,https://github.com/atnan/pretty_times
atnan,purdypatch,https://github.com/atnan/purdypatch
atnan,QLPrettyPatch,https://github.com/atnan/QLPrettyPatch
atnan,rolling_session_expiration,https://github.com/atnan/rolling_session_expiration
atnan,safe_mass_assignment,https://github.com/atnan/safe_mass_assignment
atnan,serialization_options,https://github.com/atnan/serialization_options
atnan,signalled_log_levels,https://github.com/atnan/signalled_log_levels
atnan,SMJobBlessXPC,https://github.com/atnan/SMJobBlessXPC
atnan,SoundManager,https://github.com/atnan/SoundManager
atnan,UIImageView-NDVAnimatedGIFSupport,https://github.com/atnan/UIImageView-NDVAnimatedGIFSupport
atnan,UIWebViewWebGL,https://github.com/atnan/UIWebViewWebGL
atnan,WebGL.ad,https://github.com/atnan/WebGL.ad
gumayunov,access_schema,https://github.com/gumayunov/access_schema
gumayunov,custom-err-msg,https://github.com/gumayunov/custom-err-msg
gumayunov,homedir,https://github.com/gumayunov/homedir
gumayunov,Marlin-H18,https://github.com/gumayunov/Marlin-H18
gumayunov,omniauth-facebook,https://github.com/gumayunov/omniauth-facebook
gumayunov,omniauth-mailru,https://github.com/gumayunov/omniauth-mailru
gumayunov,omniauth-vkontakte,https://github.com/gumayunov/omniauth-vkontakte
gumayunov,sidekiq_status,https://github.com/gumayunov/sidekiq_status
gumayunov,split-cue,https://github.com/gumayunov/split-cue
iamteem,ab-datepicker,https://github.com/iamteem/ab-datepicker
iamteem,advent-of-code,https://github.com/iamteem/advent-of-code
iamteem,app_mailreg,https://github.com/iamteem/app_mailreg
iamteem,asin,https://github.com/iamteem/asin
iamteem,ballin-octo-meme,https://github.com/iamteem/ballin-octo-meme
iamteem,bevy_ecs_ldtk,https://github.com/iamteem/bevy_ecs_ldtk
iamteem,bullhorn,https://github.com/iamteem/bullhorn
iamteem,cautious-octo-chainsaw,https://github.com/iamteem/cautious-octo-chainsaw
iamteem,choho,https://github.com/iamteem/choho
iamteem,concurrent-ruby,https://github.com/iamteem/concurrent-ruby
iamteem,ConnectFourHS,https://github.com/iamteem/ConnectFourHS
iamteem,connect_four_ex,https://github.com/iamteem/connect_four_ex
iamteem,dotfiles,https://github.com/iamteem/dotfiles
iamteem,ducking-wookie,https://github.com/iamteem/ducking-wookie
iamteem,exercism-hs,https://github.com/iamteem/exercism-hs
iamteem,fluffy-waddle,https://github.com/iamteem/fluffy-waddle
iamteem,fuzzy-tyrion,https://github.com/iamteem/fuzzy-tyrion
iamteem,githubbers,https://github.com/iamteem/githubbers
iamteem,glowing-journey,https://github.com/iamteem/glowing-journey
iamteem,gogoodreads,https://github.com/iamteem/gogoodreads
iamteem,gottadash,https://github.com/iamteem/gottadash
iamteem,hairy_dangerzone,https://github.com/iamteem/hairy_dangerzone
iamteem,haskellbyexample,https://github.com/iamteem/haskellbyexample
iamteem,iamteem.github.com,https://github.com/iamteem/iamteem.github.com
iamteem,icaohs,https://github.com/iamteem/icaohs
iamteem,identiconhs,https://github.com/iamteem/identiconhs
iamteem,janus.rake.etc,https://github.com/iamteem/janus.rake.etc
iamteem,org-roam,https://github.com/iamteem/org-roam
iamteem,org-roam-v1,https://github.com/iamteem/org-roam-v1
iamteem,petulant-octo-tribble,https://github.com/iamteem/petulant-octo-tribble
fronx,barchart_rb,https://github.com/fronx/barchart_rb
fronx,berlinjs.org,https://github.com/fronx/berlinjs.org
fronx,betterfind,https://github.com/fronx/betterfind
fronx,call_by_need.rb,https://github.com/fronx/call_by_need.rb
fronx,chordsearch,https://github.com/fronx/chordsearch
fronx,clir,https://github.com/fronx/clir
fronx,CoderDojo.hs,https://github.com/fronx/CoderDojo.hs
fronx,console_web_search,https://github.com/fronx/console_web_search
fronx,cplusplus,https://github.com/fronx/cplusplus
fronx,dotfiles,https://github.com/fronx/dotfiles
fronx,drum-lang,https://github.com/fronx/drum-lang
fronx,drumsole,https://github.com/fronx/drumsole
fronx,Eloquent-JavaScript,https://github.com/fronx/Eloquent-JavaScript
fronx,farfetcher,https://github.com/fronx/farfetcher
fronx,Flashchords,https://github.com/fronx/Flashchords
fronx,flickr2s3,https://github.com/fronx/flickr2s3
fronx,fronx.github.io,https://github.com/fronx/fronx.github.io
fronx,FullSubNet,https://github.com/fronx/FullSubNet
fronx,ganttchart.rb,https://github.com/fronx/ganttchart.rb
fronx,google-in-the-gaps,https://github.com/fronx/google-in-the-gaps
fronx,google_sh,https://github.com/fronx/google_sh
fronx,homoiconic,https://github.com/fronx/homoiconic
fronx,htmlkurs,https://github.com/fronx/htmlkurs
fronx,html_objects,https://github.com/fronx/html_objects
fronx,ideadump,https://github.com/fronx/ideadump
fronx,inverse,https://github.com/fronx/inverse
fronx,ioke,https://github.com/fronx/ioke
fronx,ishido,https://github.com/fronx/ishido
fronx,js-beginners-day1,https://github.com/fronx/js-beginners-day1
fronx,labrepl,https://github.com/fronx/labrepl
sbellity,abbot-from-scratch,https://github.com/sbellity/abbot-from-scratch
sbellity,aura,https://github.com/sbellity/aura
sbellity,aura-app-build,https://github.com/sbellity/aura-app-build
sbellity,aura-backbone-example,https://github.com/sbellity/aura-backbone-example
sbellity,aura-bug-demo,https://github.com/sbellity/aura-bug-demo
sbellity,aura-express,https://github.com/sbellity/aura-express
sbellity,aura-express-example,https://github.com/sbellity/aura-express-example
sbellity,aura-github,https://github.com/sbellity/aura-github
sbellity,aura-mini,https://github.com/sbellity/aura-mini
sbellity,aura-reader,https://github.com/sbellity/aura-reader
sbellity,aura-todos,https://github.com/sbellity/aura-todos
sbellity,aws-sdk-js,https://github.com/sbellity/aws-sdk-js
sbellity,bin,https://github.com/sbellity/bin
sbellity,blog-coreos-2,https://github.com/sbellity/blog-coreos-2
sbellity,bootstrap-switch,https://github.com/sbellity/bootstrap-switch
sbellity,brm_client,https://github.com/sbellity/brm_client
sbellity,cascading.jruby,https://github.com/sbellity/cascading.jruby
sbellity,chef-server-vagrant,https://github.com/sbellity/chef-server-vagrant
sbellity,cliclac,https://github.com/sbellity/cliclac
sbellity,codermatch,https://github.com/sbellity/codermatch
sbellity,crunchbase,https://github.com/sbellity/crunchbase
sbellity,docker-elasticsearch,https://github.com/sbellity/docker-elasticsearch
sbellity,dotfiles,https://github.com/sbellity/dotfiles
sbellity,dox-basic,https://github.com/sbellity/dox-basic
sbellity,elasticsearch-ruby,https://github.com/sbellity/elasticsearch-ruby
sbellity,facebook-go,https://github.com/sbellity/facebook-go
sbellity,fluent-plugin-elasticsearch,https://github.com/sbellity/fluent-plugin-elasticsearch
sbellity,freegeoip,https://github.com/sbellity/freegeoip
sbellity,futon4mongo,https://github.com/sbellity/futon4mongo
sbellity,githu3,https://github.com/sbellity/githu3
makenosound,additional_page_types,https://github.com/makenosound/additional_page_types
makenosound,awesome-draft-js,https://github.com/makenosound/awesome-draft-js
makenosound,babushka-deps,https://github.com/makenosound/babushka-deps
makenosound,canvas-lms,https://github.com/makenosound/canvas-lms
makenosound,css-in-js-generator,https://github.com/makenosound/css-in-js-generator
makenosound,defo,https://github.com/makenosound/defo
makenosound,dotfiles,https://github.com/makenosound/dotfiles
makenosound,draft-js,https://github.com/makenosound/draft-js
makenosound,draft-js-plugins,https://github.com/makenosound/draft-js-plugins
makenosound,dry-logic,https://github.com/makenosound/dry-logic
makenosound,entry_versions,https://github.com/makenosound/entry_versions
makenosound,flarum.github.io,https://github.com/makenosound/flarum.github.io
makenosound,id3field,https://github.com/makenosound/id3field
makenosound,jit_image_manipulation,https://github.com/makenosound/jit_image_manipulation
makenosound,jquery-placeheld,https://github.com/makenosound/jquery-placeheld
makenosound,mediathek,https://github.com/makenosound/mediathek
makenosound,media_resolvr,https://github.com/makenosound/media_resolvr
makenosound,mediumtextareafield,https://github.com/makenosound/mediumtextareafield
makenosound,mobbot,https://github.com/makenosound/mobbot
makenosound,mysql,https://github.com/makenosound/mysql
makenosound,popcorn-theme,https://github.com/makenosound/popcorn-theme
makenosound,react-day-picker,https://github.com/makenosound/react-day-picker
makenosound,reflectionfield,https://github.com/makenosound/reflectionfield
makenosound,sass_helper,https://github.com/makenosound/sass_helper
makenosound,sucker_punch,https://github.com/makenosound/sucker_punch
makenosound,symphony-2,https://github.com/makenosound/symphony-2
makenosound,Symphony-2-Router,https://github.com/makenosound/Symphony-2-Router
makenosound,symphony-capistrano,https://github.com/makenosound/symphony-capistrano
makenosound,The-University-of-Melbourne-Web-Templates,https://github.com/makenosound/The-University-of-Melbourne-Web-Templates
makenosound,tilestream,https://github.com/makenosound/tilestream
ocean,adminer,https://github.com/ocean/adminer
ocean,ahoy,https://github.com/ocean/ahoy
ocean,all-time-fresh-data,https://github.com/ocean/all-time-fresh-data
ocean,alpine-build-box,https://github.com/ocean/alpine-build-box
ocean,ansible-beanstalkd,https://github.com/ocean/ansible-beanstalkd
ocean,ansible-nginx,https://github.com/ocean/ansible-nginx
ocean,ansible-role-git,https://github.com/ocean/ansible-role-git
ocean,atcleaner,https://github.com/ocean/atcleaner
ocean,begin-functions-app,https://github.com/ocean/begin-functions-app
ocean,CodeceptJS,https://github.com/ocean/CodeceptJS
ocean,collator,https://github.com/ocean/collator
ocean,commerce-intranet,https://github.com/ocean/commerce-intranet
ocean,commerce-yt-api,https://github.com/ocean/commerce-yt-api
ocean,django-DefectDojo,https://github.com/ocean/django-DefectDojo
ocean,docker-dnsmasq,https://github.com/ocean/docker-dnsmasq
ocean,docker-gen,https://github.com/ocean/docker-gen
ocean,docker-haproxy,https://github.com/ocean/docker-haproxy
ocean,dockerize,https://github.com/ocean/dockerize
ocean,docs-travis-ci-com,https://github.com/ocean/docs-travis-ci-com
ocean,drush,https://github.com/ocean/drush
ocean,envplate,https://github.com/ocean/envplate
ocean,explicator,https://github.com/ocean/explicator
ocean,fragmention-drupal,https://github.com/ocean/fragmention-drupal
ocean,framework,https://github.com/ocean/framework
ocean,fwoom,https://github.com/ocean/fwoom
ocean,godojo,https://github.com/ocean/godojo
ocean,good-first-issue,https://github.com/ocean/good-first-issue
ocean,good-guy-http,https://github.com/ocean/good-guy-http
ocean,govcms-ci,https://github.com/ocean/govcms-ci
ocean,government.github.com,https://github.com/ocean/government.github.com
coreyti,bass,https://github.com/coreyti/bass
coreyti,beckett,https://github.com/coreyti/beckett
coreyti,blinki,https://github.com/coreyti/blinki
coreyti,carrierwave-video,https://github.com/coreyti/carrierwave-video
coreyti,carvel,https://github.com/coreyti/carvel
coreyti,cf-spec,https://github.com/coreyti/cf-spec
coreyti,cf-spec.example,https://github.com/coreyti/cf-spec.example
coreyti,chronicle-runner,https://github.com/coreyti/chronicle-runner
coreyti,construct,https://github.com/coreyti/construct
coreyti,coolerator.vision,https://github.com/coreyti/coolerator.vision
coreyti,coreyti.github.com,https://github.com/coreyti/coreyti.github.com
coreyti,corkboard,https://github.com/coreyti/corkboard
coreyti,critique,https://github.com/coreyti/critique
coreyti,dm-pivotal-tracker,https://github.com/coreyti/dm-pivotal-tracker
coreyti,engine-assets,https://github.com/coreyti/engine-assets
coreyti,enlightenment,https://github.com/coreyti/enlightenment
coreyti,ergo,https://github.com/coreyti/ergo
coreyti,ergo-api,https://github.com/coreyti/ergo-api
coreyti,ergo-cli,https://github.com/coreyti/ergo-cli
coreyti,flame_k8s_backend,https://github.com/coreyti/flame_k8s_backend
coreyti,gmail-with-fries,https://github.com/coreyti/gmail-with-fries
coreyti,gnarl,https://github.com/coreyti/gnarl
coreyti,grades-cli,https://github.com/coreyti/grades-cli
coreyti,guidelines,https://github.com/coreyti/guidelines
coreyti,homebrew-construct,https://github.com/coreyti/homebrew-construct
coreyti,influxdata-bosh-release,https://github.com/coreyti/influxdata-bosh-release
coreyti,meltdown,https://github.com/coreyti/meltdown
coreyti,osx-setup,https://github.com/coreyti/osx-setup
coreyti,play.isotope,https://github.com/coreyti/play.isotope
coreyti,play.raphael,https://github.com/coreyti/play.raphael
proppy,actionssdk-shiritori-ja-nodejs,https://github.com/proppy/actionssdk-shiritori-ja-nodejs
proppy,Adafruit-Feather-32u4-FONA-PCB,https://github.com/proppy/Adafruit-Feather-32u4-FONA-PCB
proppy,Adafruit_TFLite,https://github.com/proppy/Adafruit_TFLite
proppy,addlicense,https://github.com/proppy/addlicense
proppy,aiyprojects-googleassistant,https://github.com/proppy/aiyprojects-googleassistant
proppy,aiyprojects-raspbian,https://github.com/proppy/aiyprojects-raspbian
proppy,ajv-pack,https://github.com/proppy/ajv-pack
proppy,android-Camera2Basic,https://github.com/proppy/android-Camera2Basic
proppy,android-ndk,https://github.com/proppy/android-ndk
proppy,android-vagrant,https://github.com/proppy/android-vagrant
proppy,appengine,https://github.com/proppy/appengine
proppy,appengine-angular-gotodos,https://github.com/proppy/appengine-angular-gotodos
proppy,appengine-gofortwilio,https://github.com/proppy/appengine-gofortwilio
proppy,appengine-goshorten,https://github.com/proppy/appengine-goshorten
proppy,appengine-guestbook-python,https://github.com/proppy/appengine-guestbook-python
proppy,appengine-nodejs-quickstart,https://github.com/proppy/appengine-nodejs-quickstart
proppy,appengine-plus-go,https://github.com/proppy/appengine-plus-go
proppy,appengine-python-bottle-scaffold,https://github.com/proppy/appengine-python-bottle-scaffold
proppy,appengine-python-bottle-skeleton,https://github.com/proppy/appengine-python-bottle-skeleton
proppy,appengine-python-flask-skeleton,https://github.com/proppy/appengine-python-flask-skeleton
proppy,appengine-todos-flask,https://github.com/proppy/appengine-todos-flask
proppy,appengine-try-python-flask,https://github.com/proppy/appengine-try-python-flask
proppy,appengine-vm-fortunespeak-python,https://github.com/proppy/appengine-vm-fortunespeak-python
proppy,ArduinoHttpClient,https://github.com/proppy/ArduinoHttpClient
proppy,ArduinoJson,https://github.com/proppy/ArduinoJson
proppy,assistant-sdk-python,https://github.com/proppy/assistant-sdk-python
proppy,awesome-opensource-asic,https://github.com/proppy/awesome-opensource-asic
proppy,awesome-wasm-runtimes,https://github.com/proppy/awesome-wasm-runtimes
proppy,bazel,https://github.com/proppy/bazel
proppy,bazel_rules_hdl,https://github.com/proppy/bazel_rules_hdl
