login,name,company,location,email,hireable,bio,public_repos,followers,following,created_at
nicknochnack,,,,,,,0,0,0,
brendangregg,,,,,,,0,0,0,
cornflourblue,,,,,,,0,0,0,
0vm,,,,,,,0,0,0,
davecheney,,,,,,,0,0,0,
JedWatson,,,,,,,0,0,0,
dragen1860,,,,,,,0,0,0,
thombergs,,,,,,,0,0,0,
DmitryBaranovskiy,,,,,,,0,0,0,
redguardtoo,,,,,,,0,0,0,
sanjay-kv,,,,,,,0,0,0,
Canva,,,,,,,0,0,0,
orhanobut,,,,,,,0,0,0,
tonybaloney,,,,,,,0,0,0,
dmytrodanylyk,,,,,,,0,0,0,
MaryamAustralia,,,,,,,0,0,0,
haskellcamargo,,,,,,,0,0,0,
jpillora,,,,,,,0,0,0,
adg,,,,,,,0,0,0,
SamSaffron,,,,,,,0,0,0,
alecthomas,,,,,,,0,0,0,
johndpope,,,,,,,0,0,0,
djnavarro,,,,,,,0,0,0,
JayZeeDesign,,,,,,,0,0,0,
tamim,,,,,,,0,0,0,
dformoso,,,,,,,0,0,0,
domesticmouse,,,,,,,0,0,0,
hugobowne,,,,,,,0,0,0,
stevemao,,,,,,,0,0,0,
kaloraat,,,,,,,0,0,0,
iann0036,,,,,,,0,0,0,
aussieBIMguru,,,,,,,0,0,0,
cironunes,,,,,,,0,0,0,
matthewpalmer,,,,,,,0,0,0,
unruledboy,,,,,,,0,0,0,
torifat,,,,,,,0,0,0,
ndleah,,,,,,,0,0,0,
MaikuB,,,,,,,0,0,0,
bokkypoobah,,,,,,,0,0,0,
dsymonds,,,,,,,0,0,0,
aaronpowell,,,,,,,0,0,0,
huonw,,,,,,,0,0,0,
eudoxia0,,,,,,,0,0,0,
theKashey,,,,,,,0,0,0,
geshan,,,,,,,0,0,0,
samthor,,,,,,,0,0,0,
GrahamDumpleton,,,,,,,0,0,0,
upsuper,,,,,,,0,0,0,
datawithdanny,,,,,,,0,0,0,
pixegami,,,,,,,0,0,0,
sampotts,,,,,,,0,0,0,
Raathigesh,,,,,,,0,0,0,
SaitoWu,,,,,,,0,0,0,
futureshocked,,,,,,,0,0,0,
abdulla,,,,,,,0,0,0,
boyter,,,,,,,0,0,0,
thomaseizinger,,,,,,,0,0,0,
TakuSemba,,,,,,,0,0,0,
davidgilbertson,,,,,,,0,0,0,
pksjce,,,,,,,0,0,0,
leaanthony,,,,,,,0,0,0,
soarcn,,,,,,,0,0,0,
jossmac,,,,,,,0,0,0,
soyelmnd,,,,,,,0,0,0,
jnothman,,,,,,,0,0,0,
HamishMW,,,,,,,0,0,0,
rodjek,,,,,,,0,0,0,
tiagomatosweb,,,,,,,0,0,0,
Hujjat,,,,,,,0,0,0,
marionebl,,,,,,,0,0,0,
andrekolodochka,,,,,,,0,0,0,
runlevel5,,,,,,,0,0,0,
kevin-lee,,,,,,,0,0,0,
sachinruk,,,,,,,0,0,0,
robin-dela,,,,,,,0,0,0,
malcolmt,,,,,,,0,0,0,
MajicDesigns,,,,,,,0,0,0,
Z-Shang,,,,,,,0,0,0,
huxingyi,,,,,,,0,0,0,
jarrodwatts,,,,,,,0,0,0,
vaibhavsagar,,,,,,,0,0,0,
chewxy,,,,,,,0,0,0,
anthonygore,,,,,,,0,0,0,
mcauser,,,,,,,0,0,0,
lvarayut,,,,,,,0,0,0,
MewX,,,,,,,0,0,0,
pszklarska,,,,,,,0,0,0,
twang2218,,,,,,,0,0,0,
1hakr,,,,,,,0,0,0,
olebedev,,,,,,,0,0,0,
ngot,,,,,,,0,0,0,
SathyaBhat,,,,,,,0,0,0,
ryanheise,,,,,,,0,0,0,
ray-x,,,,,,,0,0,0,
michaelsproul,,,,,,,0,0,0,
45Drives,,,,,,,0,0,0,
nosir,,,,,,,0,0,0,
thushv89,,,,,,,0,0,0,
gloveboxes,,,,,,,0,0,0,
lebinh,,,,,,,0,0,0,
itsdouges,,,,,,,0,0,0,
ArjunAranetaCodes,,,,,,,0,0,0,
Showfom,,,,,,,0,0,0,
jesstelford,,,,,,,0,0,0,
josephj,,,,,,,0,0,0,
FagnerMartinsBrack,,,,,,,0,0,0,
danieldelcore,,,,,,,0,0,0,
FedericoTartarini,,,,,,,0,0,0,
kaievns,,,,,,,0,0,0,
yamadapc,,,,,,,0,0,0,
alice,,,,,,,0,0,0,
rikka0w0,,,,,,,0,0,0,
ibigbug,,,,,,,0,0,0,
duncanhunter,,,,,,,0,0,0,
apkelly,,,,,,,0,0,0,
lukakerr,,,,,,,0,0,0,
sigp,,,,,,,0,0,0,
Avangelista,,,,,,,0,0,0,
pentestfunctions,,,,,,,0,0,0,
kuz,,,,,,,0,0,0,
jshwi,,,,,,,0,0,0,
gustavohenke,,,,,,,0,0,0,
alessandrod,,,,,,,0,0,0,
mikel,,,,,,,0,0,0,
Moult,,,,,,,0,0,0,
AlexStormwood,,,,,,,0,0,0,
alexgurr,,,,,,,0,0,0,
bradwoods,,,,,,,0,0,0,
h4m5t,,,,,,,0,0,0,
stowball,,,,,,,0,0,0,
mattray,,,,,,,0,0,0,
woolworthslimited,,,,,,,0,0,0,
ydkhatri,,,,,,,0,0,0,
JizhiziLi,,,,,,,0,0,0,
amaarora,,,,,,,0,0,0,
amysimmons,,,,,,,0,0,0,
Bluebie,,,,,,,0,0,0,
unicar9,,,,,,,0,0,0,
laurencei,,,,,,,0,0,0,
laktek,,,,,,,0,0,0,
EEVblog,,,,,,,0,0,0,
donsbot,,,,,,,0,0,0,
stanleyhuangyc,,,,,,,0,0,0,
drsimonj,,,,,,,0,0,0,
kring,,,,,,,0,0,0,
unsw-edu-au,,,,,,,0,0,0,
bigcommerce,,,,,,,0,0,0,
TokenScript,,,,,,,0,0,0,
cht8687,,,,,,,0,0,0,
robbievanleeuwen,,,,,,,0,0,0,
bennetthardwick,,,,,,,0,0,0,
directorcia,,,,,,,0,0,0,
randomaccess3,,,,,,,0,0,0,
wileam,,,,,,,0,0,0,
LesleyLai,,,,,,,0,0,0,
slavaim,,,,,,,0,0,0,
dwightwatson,,,,,,,0,0,0,
walissoncom,,,,,,,0,0,0,
rogchap,,,,,,,0,0,0,
CMCDragonkai,,,,,,,0,0,0,
adamhannigan,,,,,,,0,0,0,
TomasBeuzen,,,,,,,0,0,0,
fwouts,,,,,,,0,0,0,
bennyxguo,,,,,,,0,0,0,
davidlattimore,,,,,,,0,0,0,
bensonruan,,,,,,,0,0,0,
AgeManning,,,,,,,0,0,0,
mikeyhodl,,,,,,,0,0,0,
julapy,,,,,,,0,0,0,
benfulcher,,,,,,,0,0,0,
rid00z,,,,,,,0,0,0,
mvandermeulen,,,,,,,0,0,0,
greenlaw110,,,,,,,0,0,0,
RomaTeng,,,,,,,0,0,0,
tcharding,,,,,,,0,0,0,
abstractspoon,,,,,,,0,0,0,
lifeparticle,,,,,,,0,0,0,
bberak,,,,,,,0,0,0,
alphadl,,,,,,,0,0,0,
he-y,,,,,,,0,0,0,
Meligy,,,,,,,0,0,0,
kvos,,,,,,,0,0,0,
zcaudate,,,,,,,0,0,0,
PinkyJie,,,,,,,0,0,0,
zmdominguez,,,,,,,0,0,0,
paulfioravanti,,,,,,,0,0,0,
jimmo,,,,,,,0,0,0,
vnik5287,,,,,,,0,0,0,
gavanlamb,,,,,,,0,0,0,
brendanmurty,,,,,,,0,0,0,
Vercidium,,,,,,,0,0,0,
naddison36,,,,,,,0,0,0,
tuanvnguyen,,,,,,,0,0,0,
albertstill,,,,,,,0,0,0,
jordwest,,,,,,,0,0,0,
btnguyen2k,,,,,,,0,0,0,
modenaxe,,,,,,,0,0,0,
nutboltu,,,,,,,0,0,0,
timgates42,,,,,,,0,0,0,
tmcgilchrist,,,,,,,0,0,0,
RussKie,,,,,,,0,0,0,
enzyme69,,,,,,,0,0,0,
aussiearef,,,,,,,0,0,0,
jtblin,,,,,,,0,0,0,
cxong,,,,,,,0,0,0,
vicr123,,,,,,,0,0,0,
mike-thompson-day8,,,,,,,0,0,0,
benalexau,,,,,,,0,0,0,
adevnadia,,,,,,,0,0,0,
theojulienne,,,,,,,0,0,0,
cjdsellers,,,,,,,0,0,0,
AlphaWallet,,,,,,,0,0,0,
amitsaha,,,,,,,0,0,0,
PedramMarandi,,,,,,,0,0,0,
stennie,,,,,,,0,0,0,
kfish,,,,,,,0,0,0,
fourkbomb,,,,,,,0,0,0,
twalve,,,,,,,0,0,0,
neilfws,,,,,,,0,0,0,
sarahmaddox,,,,,,,0,0,0,
Gomah,,,,,,,0,0,0,
andrewharvey,,,,,,,0,0,0,
igas,,,,,,,0,0,0,
SerCeMan,,,,,,,0,0,0,
jamesray1,,,,,,,0,0,0,
peterfinlan,,,,,,,0,0,0,
russmaxdesign,,,,,,,0,0,0,
w0ng,,,,,,,0,0,0,
markhibberd,,,,,,,0,0,0,
kyb3r,,,,,,,0,0,0,
floraCodes,,,,,,,0,0,0,
CassiusPacheco,,,,,,,0,0,0,
malcolmgroves,,,,,,,0,0,0,
auscompgeek,,,,,,,0,0,0,
rizsotto,,,,,,,0,0,0,
cjheath,,,,,,,0,0,0,
nickw444,,,,,,,0,0,0,
matt-goldman,,,,,,,0,0,0,
theleoborges,,,,,,,0,0,0,
atlassian-labs,,,,,,,0,0,0,
pbos,,,,,,,0,0,0,
bjtu-lucas-nlp,,,,,,,0,0,0,
leocaseiro,,,,,,,0,0,0,
canva-public,,,,,,,0,0,0,
mgreen27,,,,,,,0,0,0,
SimplyWallSt,,,,,,,0,0,0,
justinmclean,,,,,,,0,0,0,
timchurches,,,,,,,0,0,0,
jasonsreid,,,,,,,0,0,0,
mzhaoshuai,,,,,,,0,0,0,
Anyesh,,,,,,,0,0,0,
sushil79g,,,,,,,0,0,0,
vardius,,,,,,,0,0,0,
JasonShin,,,,,,,0,0,0,
rohitash-chandra,,,,,,,0,0,0,
joshprice,,,,,,,0,0,0,
arcwhite,,,,,,,0,0,0,
gsklee,,,,,,,0,0,0,
danoli3,,,,,,,0,0,0,
stevecassidy,,,,,,,0,0,0,
hunto,,,,,,,0,0,0,
davidbr4gg,,,,,,,0,0,0,
tristan-salles,,,,,,,0,0,0,
ryan-allen,,,,,,,0,0,0,
JiaWu-Repository,,,,,,,0,0,0,
taoshen58,,,,,,,0,0,0,
JavascriptMick,,,,,,,0,0,0,
wacky6,,,,,,,0,0,0,
tfpk,,,,,,,0,0,0,
ashquarky,,,,,,,0,0,0,
gridbugs,,,,,,,0,0,0,
mpwaller,,,,,,,0,0,0,
KodingDev,,,,,,,0,0,0,
maniksurtani,,,,,,,0,0,0,
PaulWaltersDev,,,,,,,0,0,0,
MaxwellBo,,,,,,,0,0,0,
deansheather,,,,,,,0,0,0,
dylanegan,,,,,,,0,0,0,
rodolfoprr,,,,,,,0,0,0,
Noviny,,,,,,,0,0,0,
NobodyXu,,,,,,,0,0,0,
rueckstiess,,,,,,,0,0,0,
david-cattermole,,,,,,,0,0,0,
deerawan,,,,,,,0,0,0,
kevinresol,,,,,,,0,0,0,
mgiuca,,,,,,,0,0,0,
featherbear,,,,,,,0,0,0,
beauwilliams,,,,,,,0,0,0,
maacpiash,,,,,,,0,0,0,
alesya-h,,,,,,,0,0,0,
thekevinbrown,,,,,,,0,0,0,
biancapower,,,,,,,0,0,0,
JiashuWu,,,,,,,0,0,0,
aullman,,,,,,,0,0,0,
donggong1,,,,,,,0,0,0,
xiaomengyc,,,,,,,0,0,0,
dkarunakaran,,,,,,,0,0,0,
davidsansome,,,,,,,0,0,0,
guyecode,,,,,,,0,0,0,
lsf37,,,,,,,0,0,0,
mitermayer,,,,,,,0,0,0,
toptensoftware,,,,,,,0,0,0,
gsherwood,,,,,,,0,0,0,
terrywang,,,,,,,0,0,0,
damncabbage,,,,,,,0,0,0,
bradleyayers,,,,,,,0,0,0,
hemantasapkota,,,,,,,0,0,0,
robinst,,,,,,,0,0,0,
brinlyau,,,,,,,0,0,0,
physwizz,,,,,,,0,0,0,
donnaskiez,,,,,,,0,0,0,
jacobsa,,,,,,,0,0,0,
hayyyyyyden,,,,,,,0,0,0,
haxormad,,,,,,,0,0,0,
Lou-Flan,,,,,,,0,0,0,
dfalster,,,,,,,0,0,0,
andersonaguiar,,,,,,,0,0,0,
trulyspinach,,,,,,,0,0,0,
benl23x5,,,,,,,0,0,0,
ozbillwang,,,,,,,0,0,0,
nclarx,,,,,,,0,0,0,
shimmyshimmer,,,,,,,0,0,0,
phamquiluan,,,,,,,0,0,0,
lvzongting,,,,,,,0,0,0,
davidbanham,,,,,,,0,0,0,
chrisosaurus,,,,,,,0,0,0,
chriswrightdesign,,,,,,,0,0,0,
szdc,,,,,,,0,0,0,
dcutting,,,,,,,0,0,0,
nalbion,,,,,,,0,0,0,
YanhaoZhang,,,,,,,0,0,0,
jsscclr,,,,,,,0,0,0,
tresacton,,,,,,,0,0,0,
mhutchie,,,,,,,0,0,0,
Thinkmill,,,,,,,0,0,0,
iam-mhaseeb,,,,,,,0,0,0,
vrthra,,,,,,,0,0,0,
felipetavares,,,,,,,0,0,0,
daobilige-su,,,,,,,0,0,0,
iamteem,,,,,,,0,0,0,
maxious,,,,,,,0,0,0,
drbinliang,,,,,,,0,0,0,
SiddAjmera,,,,,,,0,0,0,
jordaneremieff,,,,,,,0,0,0,
wilsonzlin,,,,,,,0,0,0,
tbillington,,,,,,,0,0,0,
delitescere,,,,,,,0,0,0,
np1,,,,,,,0,0,0,
zhuangqh,,,,,,,0,0,0,
rhoml,,,,,,,0,0,0,
noisysocks,,,,,,,0,0,0,
pawanrawal,,,,,,,0,0,0,
pinkforest,,,,,,,0,0,0,
DanyMariaLee,,,,,,,0,0,0,
diegogarciahuerta,,,,,,,0,0,0,
RobinDong,,,,,,,0,0,0,
danmackinlay,,,,,,,0,0,0,
mjbamford,,,,,,,0,0,0,
XertroV,,,,,,,0,0,0,
RickyDivjakovski,,,,,,,0,0,0,
encryptededdy,,,,,,,0,0,0,
freshtonic,,,,,,,0,0,0,
jkkummerfeld,,,,,,,0,0,0,
kiddkai,,,,,,,0,0,0,
lihini223,,,,,,,0,0,0,
kurisubrooks,,,,,,,0,0,0,
tomitrescak,,,,,,,0,0,0,
ftsf,,,,,,,0,0,0,
dhowden,,,,,,,0,0,0,
peterboyer,,,,,,,0,0,0,
chadluo,,,,,,,0,0,0,
